,cms,ddg,res_totalscore,totalscore,tag,ddg_after_relax_cst,fa_atr,fa_rep,fa_sol,fa_intra_atr_xover4,fa_intra_rep_xover4,fa_intra_sol_xover4,lk_ball,lk_ball_iso,lk_ball_bridge,lk_ball_bridge_uncpl,fa_elec,fa_intra_elec,pro_close,hbond_sr_bb,hbond_lr_bb,hbond_bb_sc,hbond_sc,dslf_fa13,omega,fa_dun_dev,fa_dun_rot,fa_dun_semi,p_aa_pp,hxl_tors,ref,rama_prepro,gen_bonded,total_score,N1_hbond,N2_hbond,N3_hbond,N4_hbond,O1_hbond,O2_hbond,O3_hbond,O4_hbond
0,269.02642822265625,-28.024490356445312,-2.328235387802124,-272.4035339355469,C4_FOL_bb_FTT_FR0_0,,,,,,,,,,,,,,,,,,,,,,,,,,,,,,,,,,,,,
1,299.5431823730469,-31.0357608795166,-2.342324733734131,-274.052001953125,C4_FOL_bb_FTT_FR0_1,,,,,,,,,,,,,,,,,,,,,,,,,,,,,,,,,,,,,
2,294.3126220703125,-20.808454513549805,-2.320256233215332,-271.4700012207031,C4_FOL_bb_FTT_FR0_2,,,,,,,,,,,,,,,,,,,,,,,,,,,,,,,,,,,,,
3,278.03509521484375,-22.645214080810547,-2.469865560531616,-288.9742736816406,C4_FOL_bb_FTT_FR0_3,,,,,,,,,,,,,,,,,,,,,,,,,,,,,,,,,,,,,
4,307.213134765625,-20.24434471130371,-2.4740748405456543,-289.4667663574219,C4_FOL_bb_FTT_FR0_4,,,,,,,,,,,,,,,,,,,,,,,,,,,,,,,,,,,,,
5,279.96234130859375,-22.44147491455078,-2.3408892154693604,-273.884033203125,C4_FOL_bb_FTT_FR0_5,,,,,,,,,,,,,,,,,,,,,,,,,,,,,,,,,,,,,
6,292.71087646484375,-23.423873901367188,-2.151733636856079,-251.75283813476562,C4_FOL_bb_FTT_FR0_6,,,,,,,,,,,,,,,,,,,,,,,,,,,,,,,,,,,,,
7,305.9300537109375,-25.357614517211914,-2.3510849475860596,-275.0769348144531,C4_FOL_bb_FTT_FR0_7,,,,,,,,,,,,,,,,,,,,,,,,,,,,,,,,,,,,,
8,275.1206970214844,-21.95905303955078,-2.361703872680664,-276.3193359375,C4_FOL_bb_FTT_FR0_8,,,,,,,,,,,,,,,,,,,,,,,,,,,,,,,,,,,,,
9,310.4408874511719,-19.560014724731445,-2.124427318572998,-248.55801391601562,C4_FOL_bb_FTT_FR0_9,,,,,,,,,,,,,,,,,,,,,,,,,,,,,,,,,,,,,
10,307.5372009277344,-26.339677810668945,-2.343376398086548,-274.1750183105469,C4_FOL_bb_FTT_FR0_10,,,,,,,,,,,,,,,,,,,,,,,,,,,,,,,,,,,,,
11,290.96875,-23.097618103027344,-2.4594507217407227,-287.7557067871094,C4_FOL_bb_FTT_FR0_11,,,,,,,,,,,,,,,,,,,,,,,,,,,,,,,,,,,,,
12,313.7785949707031,-28.00217628479004,-2.2411038875579834,-262.20916748046875,C4_FOL_bb_FTT_FR0_12,,,,,,,,,,,,,,,,,,,,,,,,,,,,,,,,,,,,,
13,288.7412414550781,-26.672548294067383,-2.407526731491089,-281.6806335449219,C4_FOL_bb_FTT_FR0_13,,,,,,,,,,,,,,,,,,,,,,,,,,,,,,,,,,,,,
14,291.2239990234375,-25.139915466308594,-2.3472068309783936,-274.6231994628906,C4_FOL_bb_FTT_FR0_14,,,,,,,,,,,,,,,,,,,,,,,,,,,,,,,,,,,,,
15,286.0235595703125,-10.712187767028809,-1.9181082248687744,-224.41867065429688,C4_FOL_bb_FTT_FR0_15,,,,,,,,,,,,,,,,,,,,,,,,,,,,,,,,,,,,,
16,311.4125061035156,-26.975736618041992,-2.446821689605713,-286.27813720703125,C4_FOL_bb_FTT_FR0_16,,,,,,,,,,,,,,,,,,,,,,,,,,,,,,,,,,,,,
17,293.3915710449219,-22.263368606567383,-2.390970230102539,-279.7435302734375,C4_FOL_bb_FTT_FR0_17,,,,,,,,,,,,,,,,,,,,,,,,,,,,,,,,,,,,,
18,278.9744873046875,-27.043275833129883,-2.1837105751037598,-255.49412536621094,C4_FOL_bb_FTT_FR0_18,,,,,,,,,,,,,,,,,,,,,,,,,,,,,,,,,,,,,
19,296.8026123046875,-21.14577865600586,-1.9670002460479736,-230.13902282714844,C4_FOL_bb_FTT_FR0_19,,,,,,,,,,,,,,,,,,,,,,,,,,,,,,,,,,,,,
20,297.3172302246094,-29.748699188232422,-2.257267951965332,-264.1003723144531,C4_FOL_bb_FTT_FR0_0_FR1_0,,,,,,,,,,,,,,,,,,,,,,,,,,,,,,,,,,,,,
21,290.2583312988281,-21.19207763671875,-2.4800446033477783,-290.16522216796875,C4_FOL_bb_FTT_FR0_1_FR1_0,,,,,,,,,,,,,,,,,,,,,,,,,,,,,,,,,,,,,
22,298.77880859375,-30.685306549072266,-2.415874719619751,-282.6573181152344,C4_FOL_bb_FTT_FR0_2_FR1_0,,,,,,,,,,,,,,,,,,,,,,,,,,,,,,,,,,,,,
23,293.36895751953125,-25.295150756835938,-2.4829795360565186,-290.50860595703125,C4_FOL_bb_FTT_FR0_3_FR1_0,,,,,,,,,,,,,,,,,,,,,,,,,,,,,,,,,,,,,
24,289.4277648925781,-22.411834716796875,-2.3333048820495605,-272.9966735839844,C4_FOL_bb_FTT_FR0_4_FR1_0,,,,,,,,,,,,,,,,,,,,,,,,,,,,,,,,,,,,,
25,302.912109375,-29.224428176879883,-2.3774397373199463,-278.16046142578125,C4_FOL_bb_FTT_FR0_5_FR1_0,,,,,,,,,,,,,,,,,,,,,,,,,,,,,,,,,,,,,
26,299.5059814453125,-14.701488494873047,-2.2964224815368652,-268.6814270019531,C4_FOL_bb_FTT_FR0_6_FR1_0,,,,,,,,,,,,,,,,,,,,,,,,,,,,,,,,,,,,,
27,292.0444030761719,-27.495893478393555,-2.2642273902893066,-264.91461181640625,C4_FOL_bb_FTT_FR0_7_FR1_0,,,,,,,,,,,,,,,,,,,,,,,,,,,,,,,,,,,,,
28,292.0863037109375,-28.716785430908203,-2.356032133102417,-275.65576171875,C4_FOL_bb_FTT_FR0_8_FR1_0,,,,,,,,,,,,,,,,,,,,,,,,,,,,,,,,,,,,,
29,296.9397277832031,-30.798608779907227,-2.5843942165374756,-302.3741149902344,C4_FOL_bb_FTT_FR0_9_FR1_0,,,,,,,,,,,,,,,,,,,,,,,,,,,,,,,,,,,,,
30,306.7173767089844,-29.196744918823242,-2.4844918251037598,-290.685546875,C4_FOL_bb_FTT_FR0_10_FR1_0,,,,,,,,,,,,,,,,,,,,,,,,,,,,,,,,,,,,,
31,310.1612548828125,-28.147933959960938,-2.3071775436401367,-269.93975830078125,C4_FOL_bb_FTT_FR0_11_FR1_0,,,,,,,,,,,,,,,,,,,,,,,,,,,,,,,,,,,,,
32,297.56854248046875,-28.710771560668945,-2.3324503898620605,-272.8966979980469,C4_FOL_bb_FTT_FR0_12_FR1_0,,,,,,,,,,,,,,,,,,,,,,,,,,,,,,,,,,,,,
33,293.555419921875,-32.97161102294922,-2.3996028900146484,-280.7535400390625,C4_FOL_bb_FTT_FR0_13_FR1_0,,,,,,,,,,,,,,,,,,,,,,,,,,,,,,,,,,,,,
34,306.15057373046875,-23.092426300048828,-2.361224889755249,-276.2633056640625,C4_FOL_bb_FTT_FR0_14_FR1_0,,,,,,,,,,,,,,,,,,,,,,,,,,,,,,,,,,,,,
35,295.3873291015625,-28.31865119934082,-2.3470816612243652,-274.6085510253906,C4_FOL_bb_FTT_FR0_15_FR1_0,,,,,,,,,,,,,,,,,,,,,,,,,,,,,,,,,,,,,
36,308.8701171875,-31.64395523071289,-2.51428484916687,-294.17132568359375,C4_FOL_bb_FTT_FR0_16_FR1_0,,,,,,,,,,,,,,,,,,,,,,,,,,,,,,,,,,,,,
37,277.6875305175781,-24.50641632080078,-2.3958945274353027,-280.3196716308594,C4_FOL_bb_FTT_FR0_17_FR1_0,,,,,,,,,,,,,,,,,,,,,,,,,,,,,,,,,,,,,
38,303.80853271484375,-25.773666381835938,-2.537226438522339,-296.8554992675781,C4_FOL_bb_FTT_FR0_18_FR1_0,,,,,,,,,,,,,,,,,,,,,,,,,,,,,,,,,,,,,
39,288.986572265625,-13.761160850524902,-2.1885781288146973,-256.0636291503906,C4_FOL_bb_FTT_FR0_19_FR1_0,,,,,,,,,,,,,,,,,,,,,,,,,,,,,,,,,,,,,
40,317.6774597167969,-37.51247787475586,-3.1164937019348145,-364.6297607421875,C4_FOL_bb_FTT_FR0_0_FR1_0_FR2_0,-37.51247787475586,-599.0021077588173,148.73589302090676,395.22918034032176,-46.08726218664616,78.01948355132339,32.50996124218425,252.06559963417962,591.3517235906927,2.005013259947391,12.179043609954153,-230.5792889522397,-28.590808641218125,4.0164888323491645,-6.947108981734994,-84.71895239404198,-10.930273579197806,-9.242169107371954,0.0,15.700944498526832,21.44088480625884,69.19406874364044,129.42005036980518,-78.3225426166189,16.6208437267146,-99.85100399999997,69.28911350312906,11.98359810469479,-364.6297649356217,0.0,0.0,0.0,0.0,0.0,0.0,0.0,0.0
41,308.40289306640625,-32.51266098022461,-2.969341993331909,-347.41302490234375,C4_FOL_bb_FTT_FR0_1_FR1_0_FR2_0,-32.51266098022461,-586.2429674829963,151.88514254420184,392.0318765836434,-43.79264666443309,70.82613139292732,31.964287691119196,262.1041455623828,595.137466753507,1.9325539825482339,11.877723746838594,-217.13127858540545,-30.8713182010109,4.519200640490738,-9.503472918616316,-84.89724019805467,-8.330605717928414,-9.533321082365005,0.0,18.170632504915766,15.40928817654971,64.00630427964136,106.37897007208143,-87.20646466982936,34.90955843787745,-97.61520599999997,67.52823939964887,11.490056745900784,-347.41301442171454,0.0,0.0,0.0,0.0,0.0,0.0,0.0,0.0
42,301.0806579589844,-31.73421287536621,-2.900404214859009,-339.3472900390625,C4_FOL_bb_FTT_FR0_2_FR1_0_FR2_0,-31.73421287536621,-572.3772741899486,148.63058895676213,382.29612849372074,-45.25252404214447,67.72516141108079,32.302988988065025,243.69454358519835,568.1910542239203,1.9553143977105694,11.332012555835307,-218.86479600166192,-29.378368581293234,4.059258844739824,-7.565801987630142,-79.41896527484637,-9.613125058203652,-11.670670333664845,0.0,30.179387473995305,19.6295553681376,68.96514424480004,124.63985656700201,-78.16387606472915,14.784692491656912,-95.45356799999998,62.49884128378103,11.660134382129304,-339.3472980747121,0.0,0.0,0.0,0.0,0.0,0.0,0.0,0.0
43,324.693603515625,-35.6168098449707,-3.1655306816101074,-370.3670959472656,C4_FOL_bb_FTT_FR0_3_FR1_0_FR2_0,-35.6168098449707,-594.9500995600785,145.0402987919634,402.755797348917,-45.72222916532187,72.71378012184717,32.174866887606555,257.2184238414224,594.4457028371397,2.024262757651954,10.84279754133199,-234.59772792461456,-25.64132531533182,3.4995604740614246,-7.460876687606469,-85.14784199594096,-8.825850599681935,-9.988211697449604,0.0,18.85842441735333,17.548068684612005,76.8832543902372,113.26932963891207,-81.59574752407367,22.238427968216417,-108.76328399999996,66.31871280740337,11.589097583214102,-370.3670982239078,0.0,0.0,0.0,0.0,0.0,0.0,0.0,0.0
44,291.5662536621094,-32.0755729675293,-2.9343698024749756,-343.3212585449219,C4_FOL_bb_FTT_FR0_4_FR1_0_FR2_0,-32.0755729675293,-568.1698583094985,142.01307065656655,386.79193602743453,-42.27974414539089,68.59160200432714,31.802680103857313,254.65059921361845,583.4066032028956,1.9950891968334856,13.485767262622153,-215.36363267796463,-35.86729725040166,3.842443448584149,-8.807631061404518,-85.31219028035387,-8.490822704847641,-15.203324580829193,0.0,20.621407659155647,19.01432039428237,58.58291636013907,108.98731420184872,-79.67590194463251,38.665349948360365,-95.40321999999995,61.27514230688561,11.618966675269094,-343.32125532692527,0.0,0.0,0.0,0.0,0.0,0.0,0.0,0.0
45,319.6534729003906,-34.24894714355469,-3.0249252319335938,-353.916259765625,C4_FOL_bb_FTT_FR0_5_FR1_0_FR2_0,-34.24894714355469,-582.3714858717377,141.04230695173655,402.75452791001663,-43.93205218956799,69.32579287967363,31.999463146250676,257.0090762412332,591.8033088800385,1.5617674728950908,8.837532466951684,-228.2100982080567,-31.865089178735445,4.923707725121571,-8.02965375819909,-81.71375230351128,-8.734270010759131,-15.896995899057417,0.0,25.910105125034306,18.301866873798343,69.28422292120953,113.30738468561168,-83.44665062118739,20.249711030280423,-100.17688399999997,67.82046726228482,12.913220511313996,-353.91626064066315,0.0,0.0,0.0,0.0,0.0,0.0,0.0,0.0
46,317.6335144042969,-37.21450424194336,-3.006192684173584,-351.72454833984375,C4_FOL_bb_FTT_FR0_6_FR1_0_FR2_0,-37.21450424194336,-597.9245959690167,166.19521813895423,408.4758885195132,-47.22744778133928,76.75167018372282,35.94071595062175,263.1139494697538,603.7173007294932,2.166021644734901,13.095294721899478,-230.06910717867126,-32.15365607046128,4.2838778785403235,-7.95179790728462,-82.74547776707735,-9.499964833842732,-26.469358190942867,0.0,19.281854366260546,19.46364744947838,72.63354361213098,118.15072250052042,-89.12325092563076,34.269672387200785,-106.20707999999995,72.06489622892683,11.534478297706004,-351.7245412025705,0.0,0.0,0.0,0.0,0.0,0.0,0.0,0.0
47,332.4004211425781,-33.279151916503906,-2.9032962322235107,-339.6856689453125,C4_FOL_bb_FTT_FR0_7_FR1_0_FR2_0,-33.279151916503906,-606.0827344439621,158.52023423726584,432.3604356797093,-47.94359319153827,67.65027524609276,36.95537132318938,263.74673161632626,615.959353697528,2.6224733752954674,15.364035360805792,-226.5954284796793,-28.239353180475252,5.322285314315062,-7.094375120748218,-78.6530617823217,-10.968582366469017,-15.253891194938795,0.0,15.916763021383149,14.904992169739524,60.73188202737732,145.55200351043354,-84.22869675662905,19.526307474069917,-115.64081999999998,72.7913479619192,11.623073410668084,-339.6856713289636,0.0,0.0,0.0,0.0,0.0,0.0,0.0,0.0
48,310.29022216796875,-37.74662780761719,-3.04944109916687,-356.78460693359375,C4_FOL_bb_FTT_FR0_8_FR1_0_FR2_0,-37.74662780761719,-582.577151376141,135.82686477547423,398.72448398747497,-42.76271885780488,62.63798462812126,30.67530610091339,255.8902500523743,588.5695325816416,2.5612046992950432,15.966827810683357,-212.98454313382578,-32.521148572829084,3.557711727658831,-6.472398983207997,-85.90967962645551,-7.513264598219366,-12.791789384739893,0.0,15.494611165427546,13.944574375125953,63.66049727031471,113.576069547079,-78.89227340771576,32.13399241296281,-105.87361199999997,68.49060726360266,11.68525428846306,-356.7846072694929,0.0,0.0,0.0,0.0,0.0,0.0,0.0,0.0
49,318.6374816894531,-32.180320739746094,-2.6748344898223877,-312.95562744140625,C4_FOL_bb_FTT_FR0_9_FR1_0_FR2_0,-32.180320739746094,-566.1667095401016,138.46265259472534,377.2038012681954,-40.53703215118878,71.91481075961045,29.132293255264223,254.0839699337068,585.0258856959907,1.685236313889049,10.628848012075114,-214.89858052758296,-33.662851958000275,3.827630313632367,-6.372404418852322,-83.3333585738846,-9.897732785379912,-11.480584974417262,0.0,17.646503112691594,17.64560082095518,46.731102512541256,100.50054785693878,-69.68656554614148,21.872458304094845,-45.771986000000005,78.98268500832343,11.546758197515786,-312.9556304009366,0.0,0.0,0.0,0.0,0.0,0.0,0.0,0.0
50,316.1473083496094,-32.84383773803711,-3.0247063636779785,-353.8906555175781,C4_FOL_bb_FTT_FR0_10_FR1_0_FR2_0,-32.84383773803711,-577.7764241279863,141.6208912912507,384.2733364127895,-43.5040318839249,70.52215218508086,29.235153813169052,257.67279897488476,587.0101451584264,1.92630744561391,12.755398731786068,-212.25629357583213,-29.471560859180297,3.681434098952204,-8.10346842939713,-88.1296646846068,-9.25950673938666,-17.20699518803444,0.0,13.785818410414457,17.909525753342326,59.03629665811752,91.83396814792843,-87.74116619901541,31.979157706209893,-70.10934,65.02000412871631,11.547630358389465,-353.8906468986508,0.0,0.0,0.0,0.0,0.0,0.0,0.0,0.0
51,295.62493896484375,-35.54840087890625,-2.870497703552246,-335.8482360839844,C4_FOL_bb_FTT_FR0_11_FR1_0_FR2_0,-35.54840087890625,-606.6456160002438,163.73314203658626,398.9361236919878,-43.62293700768854,69.18054059484592,27.503527047687076,256.401235299006,601.48009725949,2.0698989610976914,11.576004965265291,-209.92951183177644,-32.76994397889751,5.217466073416391,-9.186724579830065,-81.33250516929097,-12.543765199993349,-9.051316753880691,0.0,23.1632800104116,21.683282273712646,68.31750893038321,91.29722378249153,-84.96839732401122,39.963063357166966,-78.99439599999998,70.65181039999058,11.669696145080033,-335.84823367619947,0.0,0.0,0.0,0.0,0.0,0.0,0.0,0.0
52,304.222412109375,-34.61592483520508,-2.8928165435791016,-338.45953369140625,C4_FOL_bb_FTT_FR0_12_FR1_0_FR2_0,-34.61592483520508,-566.8899468203052,135.53786479169196,405.52285476303166,-45.59205260558461,72.33398739167689,33.48991554794282,251.15065210156246,577.7567761063541,2.276230302738415,12.733928119874507,-230.47515694096813,-22.02801492386883,4.394941322073837,-7.290441015007687,-85.24947392527397,-10.404728198255842,-8.83285212199007,0.0,21.822686070851645,17.60994593463228,85.37206886545223,107.16100109669678,-76.16528322511459,11.236753288698143,-113.36406799999995,77.86115355751608,11.472952330828289,-338.45953132023726,0.0,0.0,0.0,0.0,1.0,0.0,0.0,0.0
53,302.4261474609375,-32.330928802490234,-2.944467544555664,-344.502685546875,C4_FOL_bb_FTT_FR0_13_FR1_0_FR2_0,-32.330928802490234,-580.2334670982068,160.5421545841762,378.9889550636305,-44.17683802855973,73.33342494022943,30.7684088443611,244.92372898962853,571.284806193872,1.8797601139622357,11.388771123717667,-222.81153207498014,-30.12452763285639,4.3751213541090594,-8.150057639793452,-83.50827744544314,-8.971875647913338,-4.427103257403225,0.0,22.360417131122034,19.21562627113446,70.02432838664653,127.20842198387199,-79.61770630466714,20.061434030237876,-99.13490999999998,60.20275724542777,11.286218603572571,-344.50269399578235,0.0,0.0,0.0,0.0,0.0,0.0,0.0,0.0
54,326.772216796875,-45.0216178894043,-2.9378271102905273,-343.72576904296875,C4_FOL_bb_FTT_FR0_14_FR1_0_FR2_0,-32.84343338012695,-600.3641780902166,145.57233560953344,417.2499486108513,-47.37640524301845,73.47990359844079,33.63189300562571,259.8879905790785,607.4591258147693,2.713409423848104,17.747575495604995,-219.2785337443164,-30.71501241377485,4.627601802521423,-7.148879969275601,-79.9345379015556,-6.3414558542056865,-13.873655337994796,0.0,15.658416394876793,20.71015982403015,74.54923931540418,113.27849871001413,-87.35001041477275,32.60477860980475,-104.52118399999996,58.54115099995373,11.760076866213709,-343.7257829759991,0.0,0.0,0.0,0.0,0.0,0.0,0.0,0.0
55,300.1090087890625,-35.26931381225586,-2.9555037021636963,-345.7939147949219,C4_FOL_bb_FTT_FR0_15_FR1_0_FR2_0,-35.26931381225586,-591.8526573250891,157.33945416139485,387.6698672945127,-46.199361754050216,71.2910487070773,30.111343177671948,259.87221088529554,593.6223104329215,2.7507488130335385,15.45104754779602,-208.37973730730846,-31.86284685053459,3.6769371133741244,-8.96830875246471,-86.05304657457219,-7.2122962052747654,-14.871445491565252,0.0,15.5375761838924,21.862130249248747,70.18702932955169,85.31626039636414,-89.02287168623414,17.967447913015114,-58.11458799999999,67.76019548884659,12.121513939970889,-345.7939268597295,0.0,0.0,0.0,0.0,0.0,0.0,0.0,0.0
56,297.2550048828125,-33.2154655456543,-2.983660936355591,-349.08831787109375,C4_FOL_bb_FTT_FR0_16_FR1_0_FR2_0,-33.2154655456543,-590.1864828419822,148.1850725887196,387.60173029989994,-43.09881567394008,69.61918546477766,30.323842200382302,256.74955631069935,594.0480221282739,2.006978804611008,13.6444734263095,-208.60058375873768,-31.25523748752414,3.6276930010343658,-6.985079333011839,-85.06135063523588,-6.762390867499071,-12.227265043632826,0.0,21.028736418954253,14.153433497829953,68.75381841707245,110.57196401007407,-85.65274260687902,22.17378019748448,-83.64178799999999,62.681130649204796,11.546913029229817,-349.0883167191155,0.0,0.0,0.0,0.0,0.0,0.0,0.0,0.0
57,325.52978515625,-40.42330551147461,-2.9541661739349365,-345.637451171875,C4_FOL_bb_FTT_FR0_17_FR1_0_FR2_0,-40.42330551147461,-608.6826212740925,164.3459427308764,398.4024623226151,-44.64145685960781,73.11633557091304,29.45046316308013,259.3523569259142,608.7711998806527,1.9609449559133536,11.084182201987037,-219.16173949745314,-32.686368485954794,4.409485622738958,-7.860601901469933,-81.1713485598761,-10.01525176770075,-14.700856032548026,0.0,20.917389481442584,22.438716781242412,67.75512613423302,111.88496077873104,-75.64459426724434,33.60515310199435,-85.25755199999999,55.79744090754591,11.957194892710147,-345.6374475984785,0.0,0.0,0.0,0.0,1.0,0.0,0.0,0.0
58,301.1496276855469,-35.243377685546875,-3.005998373031616,-351.7018127441406,C4_FOL_bb_FTT_FR0_18_FR1_0_FR2_0,-35.243377685546875,-568.9537216877683,142.96989394935886,379.51368542768745,-40.92685876054162,73.55606921549466,29.06951753134817,252.28262609511083,578.3260108341477,2.2305383887239922,17.193332185773283,-202.9074546567314,-32.426135421769764,5.905439156515306,-10.877454109999817,-86.33583855207196,-9.889485999766118,-13.039844144032964,0.0,22.79477759903896,15.816869584039646,57.23294382462422,99.44359345949294,-84.36342973517203,47.75981070139507,-108.8462699999999,61.40051363078224,11.604177748073035,-351.7018004943416,0.0,0.0,0.0,0.0,0.0,0.0,0.0,0.0
59,306.52679443359375,-34.601531982421875,-3.1691436767578125,-370.7898254394531,C4_FOL_bb_FTT_FR0_19_FR1_0_FR2_0,-34.601531982421875,-593.9652613861408,140.36627711740533,410.5912264974337,-45.85823643975928,68.72785648474229,33.495032868898186,252.78877157161372,594.2167340683975,2.2924700012421453,14.102452382739529,-221.79682430263338,-24.571692810209573,4.078355466190627,-7.967538456250562,-83.8777640894642,-6.710933373521446,-17.716381063214783,0.0,14.132431268518895,18.543814121072337,77.15235405922031,115.6196751601333,-81.60097333836292,9.187514726413664,-110.21611999999998,73.6129362205431,11.73664789238867,-370.78981677275016,0.0,0.0,0.0,0.0,0.0,0.0,0.0,0.0
